AllianceID,AllianceName,SolarSystemID
500007,Ammatar Mandate,30000001
500007,Ammatar Mandate,30000002
500007,Ammatar Mandate,30000003
500007,Ammatar Mandate,30000004
500007,Ammatar Mandate,30000005
500007,Ammatar Mandate,30000006
500007,Ammatar Mandate,30000007
500007,Ammatar Mandate,30000008
500007,Ammatar Mandate,30000009
500007,Ammatar Mandate,30000010
500007,Ammatar Mandate,30000011
500007,Ammatar Mandate,30000012
500007,Ammatar Mandate,30000013
500007,Ammatar Mandate,30000014
500007,Ammatar Mandate,30000015
500007,Ammatar Mandate,30000016
500007,Ammatar Mandate,30000017
500007,Ammatar Mandate,30000018
500007,Ammatar Mandate,30000019
500007,Ammatar Mandate,30000020
500007,Triglavian Collective,30000021
500007,Ammatar Mandate,30000022
500007,Ammatar Mandate,30000023
500007,Ammatar Mandate,30000024
500007,Ammatar Mandate,30000025
500007,Ammatar Mandate,30000026
500007,Ammatar Mandate,30000027
500007,Ammatar Mandate,30000028
500007,Ammatar Mandate,30000029
500007,Ammatar Mandate,30000030
500007,Ammatar Mandate,30000031
500007,Ammatar Mandate,30000032
500007,Ammatar Mandate,30000033
500007,Ammatar Mandate,30000034
500007,Ammatar Mandate,30000035
500007,Ammatar Mandate,30000036
500007,Ammatar Mandate,30000037
500007,Ammatar Mandate,30000038
500007,Ammatar Mandate,30000039
500007,Ammatar Mandate,30000040
500007,Ammatar Mandate,30000041
500007,Ammatar Mandate,30000042
500007,Ammatar Mandate,30000043
500007,Ammatar Mandate,30000044
500007,Ammatar Mandate,30000045
500007,Ammatar Mandate,30000046
500007,Ammatar Mandate,30000047
500007,Ammatar Mandate,30000048
500007,Ammatar Mandate,30000049
500007,Ammatar Mandate,30000050
500007,Ammatar Mandate,30000051
500007,Ammatar Mandate,30000052
500007,Ammatar Mandate,30000053
500007,Ammatar Mandate,30000054
500007,Ammatar Mandate,30000055
500007,Ammatar Mandate,30000056
500007,Ammatar Mandate,30000057
500007,Ammatar Mandate,30000058
500007,Ammatar Mandate,30000059
500007,Ammatar Mandate,30000060
500007,Ammatar Mandate,30000061
500007,Ammatar Mandate,30000062
500007,Ammatar Mandate,30000063
500007,Ammatar Mandate,30000064
500007,Ammatar Mandate,30000065
500007,Ammatar Mandate,30000066
500007,Ammatar Mandate,30000067
500007,Ammatar Mandate,30000068
500007,Ammatar Mandate,30000069
500007,Ammatar Mandate,30000070
500007,Ammatar Mandate,30000071
500007,Ammatar Mandate,30000072
500007,Ammatar Mandate,30000073
500007,Ammatar Mandate,30000074
500007,Ammatar Mandate,30000075
500007,Ammatar Mandate,30000076
500007,Ammatar Mandate,30000077
500007,Ammatar Mandate,30000078
500007,Ammatar Mandate,30000079
500007,Ammatar Mandate,30000080
500007,Ammatar Mandate,30000081
500007,Ammatar Mandate,30000082
500007,Ammatar Mandate,30000083
500007,Ammatar Mandate,30000084
500007,Ammatar Mandate,30000085
500007,Ammatar Mandate,30000086
500007,Ammatar Mandate,30000087
500007,Ammatar Mandate,30000088
500007,Ammatar Mandate,30000089
500007,Ammatar Mandate,30000090
500007,Ammatar Mandate,30000091
500007,Ammatar Mandate,30000092
500007,Ammatar Mandate,30000093
500007,Ammatar Mandate,30000094
500007,Ammatar Mandate,30000095
500007,Ammatar Mandate,30000096
500007,Ammatar Mandate,30000097
500007,Ammatar Mandate,30000098
500007,Ammatar Mandate,30000099
500007,Ammatar Mandate,30000100
500007,Ammatar Mandate,30000101
500007,Ammatar Mandate,30000102
500007,Ammatar Mandate,30000103
500007,Ammatar Mandate,30000104
500007,Ammatar Mandate,30000105
500007,Ammatar Mandate,30000106
500007,Ammatar Mandate,30000107
500007,Ammatar Mandate,30000108
500007,Ammatar Mandate,30000109
500007,Ammatar Mandate,30000110
500007,Ammatar Mandate,30000111
500007,Ammatar Mandate,30000112
500007,Ammatar Mandate,30000113
500007,Ammatar Mandate,30000114
500007,Ammatar Mandate,30000115
500007,Ammatar Mandate,30000116
500007,Ammatar Mandate,30000117
500007,Ammatar Mandate,30000118
500001,Caldari State,30000119
500001,Caldari State,30000120
500001,Caldari State,30000121
500001,Caldari State,30000122
500001,Caldari State,30000123
500001,Caldari State,30000124
500001,Caldari State,30000125
500001,Caldari State,30000126
500001,Caldari State,30000127
500001,Caldari State,30000128
500001,Caldari State,30000129
500001,Caldari State,30000130
500001,Caldari State,30000131
500001,Caldari State,30000132
500001,Caldari State,30000133
500001,Caldari State,30000134
500001,Caldari State,30000135
500001,Caldari State,30000136
500001,Caldari State,30000137
500001,Caldari State,30000138
500001,Caldari State,30000139
500001,Caldari State,30000140
500001,Caldari State,30000141
500001,Caldari State,30000142
500001,Caldari State,30000143
500001,Caldari State,30000144
500001,Caldari State,30000145
500001,Caldari State,30000146
500001,Caldari State,30000147
500001,Caldari State,30000148
500001,Caldari State,30000149
500001,Caldari State,30000150
500001,Caldari State,30000151
500001,Caldari State,30000152
500001,Caldari State,30000153
500001,Caldari State,30000154
500001,Caldari State,30000155
500001,Caldari State,30000156
500001,Triglavian Collective,30000157
500001,Caldari State,30000158
500001,Caldari State,30000159
500001,Caldari State,30000160
500001,Caldari State,30000161
500001,Caldari State,30000162
500001,Caldari State,30000163
500001,Caldari State,30000164
500001,Caldari State,30000165
500001,Caldari State,30000166
500001,Caldari State,30000167
500001,Caldari State,30000168
500001,Caldari State,30000169
500001,Caldari State,30000170
500001,Caldari State,30000171
500001,Caldari State,30000172
500001,Caldari State,30000173
500001,Caldari State,30000174
500001,Caldari State,30000175
500001,Caldari State,30000176
500001,Caldari State,30000177
500001,Caldari State,30000178
500001,Caldari State,30000179
500001,Caldari State,30000180
500001,Caldari State,30000181
500001,Caldari State,30000182
500001,Caldari State,30000183
500001,Caldari State,30000184
500001,Caldari State,30000185
500001,Caldari State,30000186
500001,Caldari State,30000187
500001,Caldari State,30000188
500001,Caldari State,30000189
500001,Caldari State,30000190
500001,Caldari State,30000191
500001,Triglavian Collective,30000192
500001,Caldari State,30000193
500001,Caldari State,30000194
500001,Caldari State,30000195
500001,Caldari State,30000196
500001,Caldari State,30000197
500001,Caldari State,30000198
500001,Caldari State,30000199
500001,Caldari State,30000200
500001,Caldari State,30000201
500001,Caldari State,30000202
500001,Caldari State,30000203
500001,Caldari State,30000204
500001,Caldari State,30000205
500001,Triglavian Collective,30000206
500001,Caldari State,30000207
500006,Jove Empire,30000281
500006,Jove Empire,30000282
500006,Jove Empire,30000284
500006,Jove Empire,30000285
500006,Jove Empire,30000286
500006,Jove Empire,30000289
500006,Jove Empire,30000290
500006,Jove Empire,30000291
500006,Jove Empire,30000326
500006,Jove Empire,30000327
500006,Jove Empire,30000328
500006,Jove Empire,30000329
500006,Jove Empire,30000330
500006,Jove Empire,30000331
500006,Jove Empire,30000332
500006,Jove Empire,30000333
500006,Jove Empire,30000334
500006,Jove Empire,30000335
500006,Jove Empire,30000336
500006,Jove Empire,30000337
500006,Jove Empire,30000338
500006,Jove Empire,30000339
500006,Jove Empire,30000340
500006,Jove Empire,30000341
500006,Jove Empire,30000342
500006,Jove Empire,30000343
500006,Jove Empire,30000344
500006,Jove Empire,30000345
500006,Jove Empire,30000346
500006,Jove Empire,30000347
500006,Jove Empire,30000348
500006,Jove Empire,30000349
500006,Jove Empire,30000350
500006,Jove Empire,30000351
500006,Jove Empire,30000352
500006,Jove Empire,30000353
500006,Jove Empire,30000354
500006,Jove Empire,30000355
500006,Jove Empire,30000356
500006,Jove Empire,30000357
500006,Jove Empire,30000358
500006,Jove Empire,30000359
500006,Jove Empire,30000360
500006,Jove Empire,30000361
500006,Jove Empire,30000362
500006,Jove Empire,30000363
500006,Jove Empire,30000364
500006,Jove Empire,30000365
500006,Jove Empire,30000366
500006,Jove Empire,30000367
500006,Jove Empire,30000368
500006,Jove Empire,30000369
500006,Jove Empire,30000370
500006,Jove Empire,30000371
500006,Jove Empire,30000372
500006,Jove Empire,30000373
500006,Jove Empire,30000374
500006,Jove Empire,30000375
500006,Jove Empire,30000376
500006,Jove Empire,30000377
500006,Jove Empire,30000378
500006,Jove Empire,30000379
500006,Jove Empire,30000380
500006,Jove Empire,30000381
500006,Jove Empire,30000382
500006,Jove Empire,30000383
500006,Jove Empire,30000384
500006,Jove Empire,30000385
500006,Jove Empire,30000386
500006,Jove Empire,30000387
500006,Jove Empire,30000388
500006,Jove Empire,30000389
500006,Jove Empire,30000390
500006,Jove Empire,30000391
500006,Jove Empire,30000392
500006,Jove Empire,30000393
500006,Jove Empire,30000394
500006,Jove Empire,30000395
500006,Jove Empire,30000396
500006,Jove Empire,30000397
500006,Jove Empire,30000398
500006,Jove Empire,30000399
500015,Thukker Tribe,30000900
500015,Thukker Tribe,30000901
500015,Thukker Tribe,30000902
500015,Thukker Tribe,30000903
500015,Thukker Tribe,30000904
500015,Thukker Tribe,30000905
500015,Thukker Tribe,30000906
500015,Thukker Tribe,30000907
500015,Thukker Tribe,30000908
500015,Thukker Tribe,30000909
500015,Thukker Tribe,30000910
500015,Thukker Tribe,30000911
500015,Thukker Tribe,30000912
500015,Thukker Tribe,30000913
500015,Thukker Tribe,30000914
500015,Thukker Tribe,30000915
500015,Thukker Tribe,30000916
500015,Thukker Tribe,30000917
500015,Thukker Tribe,30000918
500015,Thukker Tribe,30000919
500015,Thukker Tribe,30000920
500015,Thukker Tribe,30000921
500015,Thukker Tribe,30000922
500015,Thukker Tribe,30000923
500015,Thukker Tribe,30000924
500015,Thukker Tribe,30000925
500015,Thukker Tribe,30000926
500015,Thukker Tribe,30000927
500015,Thukker Tribe,30000928
500015,Thukker Tribe,30000929
500015,Thukker Tribe,30000930
500015,Thukker Tribe,30000931
500015,Thukker Tribe,30000932
500015,Thukker Tribe,30000933
500015,Thukker Tribe,30000934
500015,Thukker Tribe,30000935
500015,Thukker Tribe,30000936
500015,Thukker Tribe,30000937
500015,Thukker Tribe,30000938
500015,Thukker Tribe,30000939
500015,Thukker Tribe,30000940
500015,Thukker Tribe,30000941
500015,Thukker Tribe,30000942
500015,Thukker Tribe,30000943
500015,Thukker Tribe,30000944
500015,Thukker Tribe,30000945
500015,Thukker Tribe,30000946
500015,Thukker Tribe,30000947
500015,Thukker Tribe,30000948
500015,Thukker Tribe,30000949
500015,Thukker Tribe,30000950
500015,Thukker Tribe,30000951
500015,Thukker Tribe,30000952
500015,Thukker Tribe,30000953
500015,Thukker Tribe,30000954
500015,Thukker Tribe,30000955
500015,Thukker Tribe,30000956
500015,Thukker Tribe,30000957
500015,Thukker Tribe,30000958
500015,Thukker Tribe,30000959
500015,Thukker Tribe,30000960
500015,Thukker Tribe,30000961
500015,Thukker Tribe,30000962
500015,Thukker Tribe,30000963
500015,Thukker Tribe,30000964
500015,Thukker Tribe,30000965
500015,Thukker Tribe,30000966
500015,Thukker Tribe,30000967
500015,Thukker Tribe,30000968
500015,Thukker Tribe,30000969
500015,Thukker Tribe,30000970
500015,Thukker Tribe,30000971
500015,Thukker Tribe,30000972
500015,Thukker Tribe,30000973
500015,Thukker Tribe,30000974
500015,Thukker Tribe,30000975
500015,Thukker Tribe,30000976
500015,Thukker Tribe,30000977
500015,Thukker Tribe,30000978
500015,Thukker Tribe,30000979
500015,Thukker Tribe,30000980
500015,Thukker Tribe,30000981
500015,Thukker Tribe,30000982
500015,Thukker Tribe,30000983
500015,Thukker Tribe,30000984
500015,Thukker Tribe,30000985
500015,Thukker Tribe,30000986
500015,Thukker Tribe,30000987
500015,Thukker Tribe,30000988
500015,Thukker Tribe,30000989
500015,Thukker Tribe,30000990
500015,Thukker Tribe,30000991
500015,Thukker Tribe,30000992
500015,Thukker Tribe,30000993
500015,Thukker Tribe,30000994
500015,Thukker Tribe,30000995
500015,Thukker Tribe,30000996
500015,Thukker Tribe,30000997
500015,Thukker Tribe,30000998
500015,Thukker Tribe,30000999
500015,Thukker Tribe,30001000
500011,Angel Cartel,30001001
500011,Angel Cartel,30001002
500011,Angel Cartel,30001003
500011,Angel Cartel,30001004
500011,Angel Cartel,30001005
500011,Angel Cartel,30001006
500011,Angel Cartel,30001007
500011,Angel Cartel,30001008
500011,Angel Cartel,30001009
500011,Angel Cartel,30001010
500011,Angel Cartel,30001011
500011,Angel Cartel,30001012
500011,Angel Cartel,30001013
500011,Angel Cartel,30001014
500011,Angel Cartel,30001015
500011,Angel Cartel,30001016
500011,Angel Cartel,30001017
500011,Angel Cartel,30001018
500011,Angel Cartel,30001019
500011,Angel Cartel,30001020
500011,Angel Cartel,30001021
500011,Angel Cartel,30001022
500011,Angel Cartel,30001023
500011,Angel Cartel,30001024
500011,Angel Cartel,30001025
500011,Angel Cartel,30001026
500011,Angel Cartel,30001027
500011,Angel Cartel,30001028
500011,Angel Cartel,30001029
500011,Angel Cartel,30001030
500011,Angel Cartel,30001031
500011,Angel Cartel,30001032
500011,Angel Cartel,30001033
500011,Angel Cartel,30001034
500011,Angel Cartel,30001035
500011,Angel Cartel,30001036
500011,Angel Cartel,30001037
500011,Angel Cartel,30001038
500011,Angel Cartel,30001039
500011,Angel Cartel,30001040
500011,Angel Cartel,30001041
500011,Angel Cartel,30001042
500011,Angel Cartel,30001043
500011,Angel Cartel,30001044
500011,Angel Cartel,30001045
500011,Angel Cartel,30001046
500011,Angel Cartel,30001047
500011,Angel Cartel,30001048
500011,Angel Cartel,30001049
500011,Angel Cartel,30001050
500010,Guristas Pirates,30001261
500010,Guristas Pirates,30001262
500010,Guristas Pirates,30001263
500010,Guristas Pirates,30001264
500010,Guristas Pirates,30001265
500010,Guristas Pirates,30001266
500010,Guristas Pirates,30001267
500010,Guristas Pirates,30001268
500010,Guristas Pirates,30001269
500010,Guristas Pirates,30001270
500010,Guristas Pirates,30001271
500010,Guristas Pirates,30001272
500010,Guristas Pirates,30001273
500010,Guristas Pirates,30001274
500010,Guristas Pirates,30001275
500010,Guristas Pirates,30001276
500010,Guristas Pirates,30001277
500010,Guristas Pirates,30001278
500010,Guristas Pirates,30001279
500010,Guristas Pirates,30001280
500010,Guristas Pirates,30001281
500010,Guristas Pirates,30001282
500010,Guristas Pirates,30001283
500010,Guristas Pirates,30001284
500010,Guristas Pirates,30001285
500010,Guristas Pirates,30001286
500010,Guristas Pirates,30001287
500010,Guristas Pirates,30001288
500010,Guristas Pirates,30001289
500010,Guristas Pirates,30001290
500010,Guristas Pirates,30001291
500010,Guristas Pirates,30001292
500010,Guristas Pirates,30001293
500010,Guristas Pirates,30001294
500010,Guristas Pirates,30001295
500010,Guristas Pirates,30001296
500010,Guristas Pirates,30001297
500010,Guristas Pirates,30001298
500010,Guristas Pirates,30001299
500010,Guristas Pirates,30001300
500010,Guristas Pirates,30001301
500010,Guristas Pirates,30001302
500010,Guristas Pirates,30001303
500010,Guristas Pirates,30001304
500010,Guristas Pirates,30001305
500010,Guristas Pirates,30001306
500010,Guristas Pirates,30001307
500010,Guristas Pirates,30001308
500010,Guristas Pirates,30001309
500010,Guristas Pirates,30001310
500010,Guristas Pirates,30001311
500010,Guristas Pirates,30001312
500010,Guristas Pirates,30001313
500010,Guristas Pirates,30001314
500010,Guristas Pirates,30001315
500010,Guristas Pirates,30001316
500010,Guristas Pirates,30001317
500010,Guristas Pirates,30001318
500010,Guristas Pirates,30001319
500010,Guristas Pirates,30001320
500010,Guristas Pirates,30001321
500010,Guristas Pirates,30001322
500010,Guristas Pirates,30001323
500010,Guristas Pirates,30001324
500010,Guristas Pirates,30001325
500010,Guristas Pirates,30001326
500010,Guristas Pirates,30001327
500010,Guristas Pirates,30001328
500010,Guristas Pirates,30001329
500010,Guristas Pirates,30001330
500010,Guristas Pirates,30001331
500010,Guristas Pirates,30001332
500010,Guristas Pirates,30001333
500010,Guristas Pirates,30001334
500010,Guristas Pirates,30001335
500010,Guristas Pirates,30001336
500010,Guristas Pirates,30001337
500010,Guristas Pirates,30001338
500010,Guristas Pirates,30001339
500010,Guristas Pirates,30001340
500010,Guristas Pirates,30001341
500010,Guristas Pirates,30001342
500010,Guristas Pirates,30001343
500010,Guristas Pirates,30001344
500010,Guristas Pirates,30001345
500010,Guristas Pirates,30001346
500010,Guristas Pirates,30001347
500010,Guristas Pirates,30001348
500010,Guristas Pirates,30001349
500010,Guristas Pirates,30001350
500010,Guristas Pirates,30001351
500010,Guristas Pirates,30001352
500010,Guristas Pirates,30001353
500010,Guristas Pirates,30001354
500010,Guristas Pirates,30001355
500001,Caldari State,30001356
500001,Caldari State,30001357
500001,Caldari State,30001358
500001,Caldari State,30001359
500001,Caldari State,30001360
500001,Caldari State,30001361
500001,Caldari State,30001362
500001,Caldari State,30001363
500001,Caldari State,30001364
500001,Caldari State,30001365
500001,Caldari State,30001366
500001,Caldari State,30001367
500001,Caldari State,30001368
500001,Caldari State,30001369
500001,Caldari State,30001370
500001,Caldari State,30001371
500001,Triglavian Collective,30001372
500001,Caldari State,30001373
500001,Caldari State,30001374
500001,Caldari State,30001375
500001,Caldari State,30001376
500001,Caldari State,30001377
500001,Caldari State,30001378
500001,Caldari State,30001379
500001,Caldari State,30001380
500001,Triglavian Collective,30001381
500001,Caldari State,30001382
500001,Caldari State,30001383
500001,Caldari State,30001384
500001,Caldari State,30001385
500001,Caldari State,30001386
500001,Caldari State,30001387
500001,Caldari State,30001388
500001,Caldari State,30001389
500001,Caldari State,30001390
500001,Caldari State,30001391
500001,Caldari State,30001392
500001,Caldari State,30001393
500001,Caldari State,30001394
500001,Caldari State,30001395
500001,Caldari State,30001396
500001,Caldari State,30001397
500001,Caldari State,30001398
500001,Caldari State,30001399
500001,Caldari State,30001400
500001,Caldari State,30001401
500001,Caldari State,30001402
500001,Caldari State,30001403
500001,Caldari State,30001404
500001,Caldari State,30001405
500001,Caldari State,30001406
500001,Caldari State,30001407
500001,Caldari State,30001408
500001,Caldari State,30001409
500001,Caldari State,30001410
500001,Caldari State,30001411
500001,Caldari State,30001412
500001,Triglavian Collective,30001413
500001,Caldari State,30001414
500001,Caldari State,30001415
500001,Caldari State,30001416
500001,Caldari State,30001417
500001,Caldari State,30001418
500001,Caldari State,30001419
500001,Caldari State,30001420
500001,Caldari State,30001421
500001,Caldari State,30001422
500001,Caldari State,30001423
500001,Caldari State,30001424
500001,Caldari State,30001425
500001,Caldari State,30001426
500001,Caldari State,30001427
500001,Caldari State,30001428
500001,Caldari State,30001429
500001,Caldari State,30001430
500001,Caldari State,30001431
500001,Caldari State,30001432
500001,Caldari State,30001433
500001,Caldari State,30001434
500001,Caldari State,30001435
500001,Caldari State,30001436
500001,Caldari State,30001437
500001,Caldari State,30001438
500001,Caldari State,30001439
500001,Caldari State,30001440
500001,Caldari State,30001441
500001,Caldari State,30001442
500001,Caldari State,30001443
500001,Caldari State,30001444
500001,Triglavian Collective,30001445
500001,Caldari State,30001446
500001,Caldari State,30001447
500001,Caldari State,30001448
500005,Jove Empire,30001449
500005,Jove Empire,30001450
500005,Jove Empire,30001451
500005,Jove Empire,30001452
500005,Jove Empire,30001453
500005,Jove Empire,30001454
500005,Jove Empire,30001455
500005,Jove Empire,30001456
500005,Jove Empire,30001457
500005,Jove Empire,30001458
500005,Jove Empire,30001459
500005,Jove Empire,30001460
500005,Jove Empire,30001461
500005,Jove Empire,30001462
500005,Jove Empire,30001463
500005,Jove Empire,30001464
500005,Jove Empire,30001465
500005,Jove Empire,30001466
500005,Jove Empire,30001467
500005,Jove Empire,30001468
500005,Jove Empire,30001469
500005,Jove Empire,30001470
500005,Jove Empire,30001471
500005,Jove Empire,30001472
500005,Jove Empire,30001473
500005,Jove Empire,30001474
500005,Jove Empire,30001475
500005,Jove Empire,30001476
500005,Jove Empire,30001477
500005,Jove Empire,30001478
500005,Jove Empire,30001479
500005,Jove Empire,30001480
500005,Jove Empire,30001481
500005,Jove Empire,30001482
500005,Jove Empire,30001483
500005,Jove Empire,30001484
500005,Jove Empire,30001485
500005,Jove Empire,30001486
500005,Jove Empire,30001487
500005,Jove Empire,30001488
500005,Jove Empire,30001489
500005,Jove Empire,30001490
500005,Jove Empire,30001491
500005,Jove Empire,30001492
500005,Jove Empire,30001493
500005,Jove Empire,30001494
500005,Jove Empire,30001495
500005,Jove Empire,30001496
500005,Jove Empire,30001497
500005,Jove Empire,30001498
500005,Jove Empire,30001499
500005,Jove Empire,30001500
500005,Jove Empire,30001501
500005,Jove Empire,30001502
500005,Jove Empire,30001503
500005,Jove Empire,30001504
500005,Jove Empire,30001505
500005,Jove Empire,30001506
500005,Jove Empire,30001507
500005,Jove Empire,30001508
500005,Jove Empire,30001509
500005,Jove Empire,30001510
500005,Jove Empire,30001511
500005,Jove Empire,30001512
500005,Jove Empire,30001513
500005,Jove Empire,30001514
500005,Jove Empire,30001515
500005,Jove Empire,30001516
500005,Jove Empire,30001517
500005,Jove Empire,30001518
500005,Jove Empire,30001519
500005,Jove Empire,30001520
500005,Jove Empire,30001521
500005,Jove Empire,30001522
500005,Jove Empire,30001523
500005,Jove Empire,30001524
500005,Jove Empire,30001525
500005,Jove Empire,30001598
500005,Jove Empire,30001599
500005,Jove Empire,30001600
500005,Jove Empire,30001601
500005,Jove Empire,30001602
500005,Jove Empire,30001603
500005,Jove Empire,30001604
500005,Jove Empire,30001605
500005,Jove Empire,30001606
500005,Jove Empire,30001607
500005,Jove Empire,30001608
500005,Jove Empire,30001609
500005,Jove Empire,30001610
500005,Jove Empire,30001611
500005,Jove Empire,30001612
500005,Jove Empire,30001613
500005,Jove Empire,30001614
500005,Jove Empire,30001615
500005,Jove Empire,30001616
500005,Jove Empire,30001617
500005,Jove Empire,30001618
500005,Jove Empire,30001619
500005,Jove Empire,30001620
500005,Jove Empire,30001621
500005,Jove Empire,30001622
500005,Jove Empire,30001623
500005,Jove Empire,30001624
500005,Jove Empire,30001625
500005,Jove Empire,30001626
500005,Jove Empire,30001627
500005,Jove Empire,30001628
500005,Jove Empire,30001629
500005,Jove Empire,30001630
500005,Jove Empire,30001631
500005,Jove Empire,30001632
500005,Jove Empire,30001633
500005,Jove Empire,30001634
500005,Jove Empire,30001635
500005,Jove Empire,30001636
500005,Jove Empire,30001637
500005,Jove Empire,30001638
500005,Jove Empire,30001639
500005,Jove Empire,30001640
500005,Jove Empire,30001641
500005,Jove Empire,30001642
500005,Jove Empire,30001643
500003,Amarr Empire,30001644
500003,Amarr Empire,30001645
500003,Amarr Empire,30001646
500003,Amarr Empire,30001647
500003,Amarr Empire,30001648
500003,Amarr Empire,30001649
500003,Amarr Empire,30001650
500003,Amarr Empire,30001651
500003,Amarr Empire,30001652
500003,Amarr Empire,30001653
500003,Amarr Empire,30001654
500003,Amarr Empire,30001655
500003,Amarr Empire,30001656
500003,Amarr Empire,30001657
500003,Amarr Empire,30001658
500003,Amarr Empire,30001659
500003,Amarr Empire,30001660
500003,Amarr Empire,30001661
500003,Amarr Empire,30001662
500003,Amarr Empire,30001663
500003,Amarr Empire,30001664
500003,Amarr Empire,30001665
500003,Amarr Empire,30001666
500003,Amarr Empire,30001667
500003,Amarr Empire,30001668
500003,Amarr Empire,30001669
500003,Amarr Empire,30001670
500003,Amarr Empire,30001671
500003,Amarr Empire,30001672
500003,Amarr Empire,30001673
500003,Amarr Empire,30001674
500003,Amarr Empire,30001675
500003,Amarr Empire,30001676
500003,Amarr Empire,30001677
500003,Amarr Empire,30001678
500003,Amarr Empire,30001679
500003,Amarr Empire,30001680
500003,Amarr Empire,30001681
500003,Amarr Empire,30001682
500003,Amarr Empire,30001683
500003,Amarr Empire,30001684
500003,Amarr Empire,30001685
500003,Amarr Empire,30001686
500003,Amarr Empire,30001687
500003,Amarr Empire,30001688
500003,Amarr Empire,30001689
500003,Amarr Empire,30001690
500003,Amarr Empire,30001691
500003,Amarr Empire,30001692
500003,Amarr Empire,30001693
500003,Amarr Empire,30001694
500003,Amarr Empire,30001695
500003,Amarr Empire,30001696
500003,Amarr Empire,30001697
500003,Amarr Empire,30001698
500003,Amarr Empire,30001699
500003,Amarr Empire,30001700
500003,Amarr Empire,30001701
500003,Amarr Empire,30001702
500003,Amarr Empire,30001703
500003,Amarr Empire,30001704
500003,Amarr Empire,30001705
500003,Amarr Empire,30001706
500003,Amarr Empire,30001707
500003,Amarr Empire,30001708
500003,Amarr Empire,30001709
500003,Amarr Empire,30001710
500003,Amarr Empire,30001711
500003,Amarr Empire,30001712
500003,Amarr Empire,30001713
500003,Amarr Empire,30001714
500003,Amarr Empire,30001715
500003,Amarr Empire,30001716
500003,Amarr Empire,30001717
500003,Amarr Empire,30001718
500003,Amarr Empire,30001719
500003,Amarr Empire,30001720
500003,Amarr Empire,30001721
500003,Amarr Empire,30001722
500003,Amarr Empire,30001723
500003,Amarr Empire,30001724
500003,Amarr Empire,30001725
500003,Amarr Empire,30001726
500003,Amarr Empire,30001727
500003,Amarr Empire,30001728
500003,Amarr Empire,30001729
500003,Amarr Empire,30001730
500003,Amarr Empire,30001731
500003,Amarr Empire,30001732
500003,Amarr Empire,30001733
500003,Amarr Empire,30001734
500003,Amarr Empire,30001735
500003,Amarr Empire,30001736
500003,Amarr Empire,30001737
500003,Amarr Empire,30001738
500003,Amarr Empire,30001739
500003,Amarr Empire,30001740
500003,Amarr Empire,30001741
500003,Amarr Empire,30001742
500019,Sansha\'s Nation,30001831
500019,Sansha\'s Nation,30001832
500019,Sansha\'s Nation,30001833
500019,Sansha\'s Nation,30001834
500019,Sansha\'s Nation,30001835
500019,Sansha\'s Nation,30001836
500019,Sansha\'s Nation,30001837
500019,Sansha\'s Nation,30001838
500019,Sansha\'s Nation,30001839
500019,Sansha\'s Nation,30001840
500019,Sansha\'s Nation,30001841
500019,Sansha\'s Nation,30001842
500019,Sansha\'s Nation,30001843
500019,Sansha\'s Nation,30001844
500019,Sansha\'s Nation,30001845
500019,Sansha\'s Nation,30001846
500019,Sansha\'s Nation,30001847
500019,Sansha\'s Nation,30001848
500019,Sansha\'s Nation,30001849
500019,Sansha\'s Nation,30001850
500019,Sansha\'s Nation,30001851
500019,Sansha\'s Nation,30001852
500019,Sansha\'s Nation,30001853
500019,Sansha\'s Nation,30001854
500019,Sansha\'s Nation,30001855
500019,Sansha\'s Nation,30001856
500019,Sansha\'s Nation,30001857
500019,Sansha\'s Nation,30001858
500019,Sansha\'s Nation,30001859
500019,Sansha\'s Nation,30001860
500019,Sansha\'s Nation,30001861
500019,Sansha\'s Nation,30001862
500019,Sansha\'s Nation,30001863
500019,Sansha\'s Nation,30001864
500019,Sansha\'s Nation,30001865
500019,Sansha\'s Nation,30001866
500019,Sansha\'s Nation,30001867
500019,Sansha\'s Nation,30001868
500019,Sansha\'s Nation,30001869
500019,Sansha\'s Nation,30001870
500019,Sansha\'s Nation,30001871
500019,Sansha\'s Nation,30001872
500019,Sansha\'s Nation,30001873
500019,Sansha\'s Nation,30001874
500019,Sansha\'s Nation,30001875
500019,Sansha\'s Nation,30001876
500019,Sansha\'s Nation,30001877
500019,Sansha\'s Nation,30001878
500019,Sansha\'s Nation,30001879
500019,Sansha\'s Nation,30001880
500019,Sansha\'s Nation,30001881
500019,Sansha\'s Nation,30001882
500019,Sansha\'s Nation,30001883
500019,Sansha\'s Nation,30001884
500019,Sansha\'s Nation,30001885
500019,Sansha\'s Nation,30001886
500019,Sansha\'s Nation,30001887
500019,Sansha\'s Nation,30001888
500019,Sansha\'s Nation,30001889
500019,Sansha\'s Nation,30001890
500019,Sansha\'s Nation,30001891
500019,Sansha\'s Nation,30001892
500019,Sansha\'s Nation,30001893
500019,Sansha\'s Nation,30001894
500019,Sansha\'s Nation,30001895
500019,Sansha\'s Nation,30001896
500019,Sansha\'s Nation,30001897
500019,Sansha\'s Nation,30001898
500019,Sansha\'s Nation,30001899
500019,Sansha\'s Nation,30001900
500019,Sansha\'s Nation,30001901
500019,Sansha\'s Nation,30001902
500019,Sansha\'s Nation,30001903
500019,Sansha\'s Nation,30001904
500019,Sansha\'s Nation,30001905
500019,Sansha\'s Nation,30001906
500019,Sansha\'s Nation,30001907
500019,Sansha\'s Nation,30001908
500019,Sansha\'s Nation,30001909
500019,Sansha\'s Nation,30001910
500019,Sansha\'s Nation,30001911
500019,Sansha\'s Nation,30001912
500019,Sansha\'s Nation,30001913
500019,Sansha\'s Nation,30001914
500019,Sansha\'s Nation,30001915
500019,Sansha\'s Nation,30001916
500019,Sansha\'s Nation,30001917
500019,Sansha\'s Nation,30001918
500019,Sansha\'s Nation,30001919
500019,Sansha\'s Nation,30001920
500019,Sansha\'s Nation,30001921
500019,Sansha\'s Nation,30001922
500019,Sansha\'s Nation,30001923
500019,Sansha\'s Nation,30001924
500019,Sansha\'s Nation,30001925
500019,Sansha\'s Nation,30001926
500019,Sansha\'s Nation,30001927
500019,Sansha\'s Nation,30001928
500019,Sansha\'s Nation,30001929
500019,Sansha\'s Nation,30001930
500019,Sansha\'s Nation,30001931
500019,Sansha\'s Nation,30001932
500019,Sansha\'s Nation,30001933
500019,Sansha\'s Nation,30001934
500019,Sansha\'s Nation,30001935
500019,Sansha\'s Nation,30001936
500019,Sansha\'s Nation,30001937
500019,Sansha\'s Nation,30001938
500019,Sansha\'s Nation,30001939
500019,Sansha\'s Nation,30001940
500019,Sansha\'s Nation,30001941
500019,Sansha\'s Nation,30001942
500019,Sansha\'s Nation,30001943
500019,Sansha\'s Nation,30001944
500019,Sansha\'s Nation,30001945
500019,Sansha\'s Nation,30001946
500019,Sansha\'s Nation,30001947
500019,Sansha\'s Nation,30001948
500019,Sansha\'s Nation,30001949
500019,Sansha\'s Nation,30001950
500019,Sansha\'s Nation,30001951
500019,Sansha\'s Nation,30001952
500019,Sansha\'s Nation,30001953
500019,Sansha\'s Nation,30001954
500019,Sansha\'s Nation,30001955
500019,Sansha\'s Nation,30001956
500019,Sansha\'s Nation,30001957
500019,Sansha\'s Nation,30001958
500019,Sansha\'s Nation,30001959
500019,Sansha\'s Nation,30001960
500019,Sansha\'s Nation,30001961
500019,Sansha\'s Nation,30001962
500016,The Servant Sisters of EVE,30001977
500016,The Servant Sisters of EVE,30001978
500016,The Servant Sisters of EVE,30001979
500016,The Servant Sisters of EVE,30001980
500016,The Servant Sisters of EVE,30001981
500016,The Servant Sisters of EVE,30001982
500016,The Servant Sisters of EVE,30001983
500018,Mordu\'s Legion Command,30002004
500018,Mordu\'s Legion Command,30002005
500018,Mordu\'s Legion Command,30002006
500018,Mordu\'s Legion Command,30002007
500018,Mordu\'s Legion Command,30002008
500018,Mordu\'s Legion Command,30002009
500002,Minmatar Republic,30002048
500002,Minmatar Republic,30002049
500002,Minmatar Republic,30002050
500002,Minmatar Republic,30002051
500002,Minmatar Republic,30002052
500002,Minmatar Republic,30002053
500002,Minmatar Republic,30002054
500002,Minmatar Republic,30002055
500002,Minmatar Republic,30002056
500002,Minmatar Republic,30002057
500002,Minmatar Republic,30002058
500002,Minmatar Republic,30002059
500002,Minmatar Republic,30002060
500002,Minmatar Republic,30002061
500002,Minmatar Republic,30002062
500002,Minmatar Republic,30002063
500002,Minmatar Republic,30002064
500002,Minmatar Republic,30002065
500002,Minmatar Republic,30002066
500002,Minmatar Republic,30002067
500002,Minmatar Republic,30002068
500002,Minmatar Republic,30002069
500002,Minmatar Republic,30002070
500002,Minmatar Republic,30002071
500002,Minmatar Republic,30002072
500002,Minmatar Republic,30002073
500002,Minmatar Republic,30002074
500002,Minmatar Republic,30002075
500002,Minmatar Republic,30002076
500002,Minmatar Republic,30002077
500002,Minmatar Republic,30002078
500002,Triglavian Collective,30002079
500002,Minmatar Republic,30002080
500002,Minmatar Republic,30002081
500002,Minmatar Republic,30002082
500002,Minmatar Republic,30002083
500002,Minmatar Republic,30002084
500002,Minmatar Republic,30002085
500002,Minmatar Republic,30002086
500002,Minmatar Republic,30002087
500002,Minmatar Republic,30002088
500002,Minmatar Republic,30002089
500002,Minmatar Republic,30002090
500002,Minmatar Republic,30002091
500002,Minmatar Republic,30002092
500002,Minmatar Republic,30002093
500002,Minmatar Republic,30002094
500002,Minmatar Republic,30002095
500002,Minmatar Republic,30002096
500002,Minmatar Republic,30002097
500002,Minmatar Republic,30002098
500002,Minmatar Republic,30002099
500002,Minmatar Republic,30002100
500002,Minmatar Republic,30002101
500002,Minmatar Republic,30002102
500003,Amarr Empire,30002187
500003,Amarr Empire,30002188
500003,Amarr Empire,30002189
500003,Amarr Empire,30002190
500003,Amarr Empire,30002191
500003,Amarr Empire,30002192
500003,Amarr Empire,30002193
500003,Amarr Empire,30002194
500003,Amarr Empire,30002195
500003,Amarr Empire,30002196
500003,Amarr Empire,30002197
500003,Amarr Empire,30002198
500003,Amarr Empire,30002199
500003,Amarr Empire,30002200
500003,Amarr Empire,30002201
500003,Amarr Empire,30002202
500003,Amarr Empire,30002203
500003,Amarr Empire,30002204
500003,Amarr Empire,30002205
500003,Amarr Empire,30002206
500003,Amarr Empire,30002207
500003,Amarr Empire,30002208
500003,Amarr Empire,30002209
500003,Amarr Empire,30002210
500003,Amarr Empire,30002211
500003,Amarr Empire,30002212
500003,Amarr Empire,30002213
500003,Amarr Empire,30002214
500003,Amarr Empire,30002215
500003,Amarr Empire,30002216
500003,Amarr Empire,30002217
500003,Amarr Empire,30002218
500003,Amarr Empire,30002219
500003,Amarr Empire,30002220
500003,Amarr Empire,30002221
500003,Amarr Empire,30002222
500003,Amarr Empire,30002223
500003,Amarr Empire,30002224
500003,Triglavian Collective,30002225
500003,Amarr Empire,30002226
500003,Amarr Empire,30002227
500003,Amarr Empire,30002228
500003,Amarr Empire,30002229
500003,Amarr Empire,30002230
500003,Amarr Empire,30002231
500003,Amarr Empire,30002232
500003,Amarr Empire,30002233
500003,Amarr Empire,30002234
500003,Amarr Empire,30002235
500003,Amarr Empire,30002236
500003,Amarr Empire,30002237
500003,Amarr Empire,30002238
500003,Amarr Empire,30002239
500003,Amarr Empire,30002240
500003,Amarr Empire,30002241
500003,Amarr Empire,30002242
500003,Amarr Empire,30002243
500003,Amarr Empire,30002244
500003,Amarr Empire,30002245
500003,Amarr Empire,30002246
500003,Amarr Empire,30002247
500003,Amarr Empire,30002248
500003,Amarr Empire,30002249
500003,Amarr Empire,30002250
500003,Amarr Empire,30002251
500003,Amarr Empire,30002252
500003,Amarr Empire,30002253
500003,Amarr Empire,30002254
500003,Amarr Empire,30002255
500003,Amarr Empire,30002256
500003,Amarr Empire,30002257
500003,Amarr Empire,30002258
500003,Amarr Empire,30002259
500003,Amarr Empire,30002260
500003,Amarr Empire,30002261
500003,Amarr Empire,30002262
500003,Amarr Empire,30002263
500003,Amarr Empire,30002264
500003,Amarr Empire,30002265
500003,Amarr Empire,30002266
500003,Amarr Empire,30002267
500003,Amarr Empire,30002268
500003,Amarr Empire,30002269
500003,Amarr Empire,30002270
500003,Amarr Empire,30002271
500003,Amarr Empire,30002272
500003,Amarr Empire,30002273
500003,Amarr Empire,30002274
500003,Amarr Empire,30002275
500003,Amarr Empire,30002276
500003,Amarr Empire,30002277
500003,Amarr Empire,30002278
500003,Amarr Empire,30002279
500003,Amarr Empire,30002280
500003,Amarr Empire,30002281
500003,Amarr Empire,30002282
500002,Minmatar Republic,30002383
500002,Minmatar Republic,30002384
500002,Minmatar Republic,30002385
500002,Minmatar Republic,30002386
500002,Minmatar Republic,30002387
500002,Minmatar Republic,30002388
500002,Minmatar Republic,30002389
500002,Minmatar Republic,30002390
500002,Minmatar Republic,30002391
500002,Minmatar Republic,30002392
500002,Minmatar Republic,30002393
500002,Minmatar Republic,30002394
500002,Minmatar Republic,30002395
500002,Minmatar Republic,30002396
500002,Minmatar Republic,30002397
500002,Minmatar Republic,30002398
500002,Minmatar Republic,30002399
500002,Minmatar Republic,30002400
500002,Minmatar Republic,30002401
500002,Minmatar Republic,30002402
500002,Minmatar Republic,30002403
500002,Minmatar Republic,30002404
500002,Minmatar Republic,30002405
500002,Minmatar Republic,30002406
500002,Minmatar Republic,30002407
500002,Minmatar Republic,30002408
500002,Minmatar Republic,30002409
500002,Minmatar Republic,30002410
500002,Triglavian Collective,30002411
500002,Minmatar Republic,30002412
500002,Minmatar Republic,30002413
500002,Minmatar Republic,30002414
500002,Minmatar Republic,30002415
500002,Minmatar Republic,30002416
500002,Minmatar Republic,30002417
500002,Minmatar Republic,30002418
500002,Minmatar Republic,30002419
500002,Minmatar Republic,30002420
500017,The Society,30002421
500017,The Society,30002422
500017,The Society,30002423
500017,The Society,30002424
500017,The Society,30002425
500017,The Society,30002426
500017,The Society,30002427
500002,Minmatar Republic,30002505
500002,Minmatar Republic,30002506
500002,Minmatar Republic,30002507
500002,Minmatar Republic,30002508
500002,Minmatar Republic,30002509
500002,Minmatar Republic,30002510
500002,Minmatar Republic,30002511
500002,Minmatar Republic,30002512
500002,Minmatar Republic,30002513
500002,Minmatar Republic,30002514
500002,Minmatar Republic,30002515
500002,Minmatar Republic,30002516
500002,Minmatar Republic,30002517
500002,Minmatar Republic,30002518
500002,Minmatar Republic,30002519
500002,Minmatar Republic,30002520
500002,Minmatar Republic,30002521
500002,Minmatar Republic,30002522
500002,Minmatar Republic,30002523
500002,Minmatar Republic,30002524
500002,Minmatar Republic,30002525
500002,Minmatar Republic,30002526
500002,Minmatar Republic,30002527
500002,Minmatar Republic,30002528
500002,Minmatar Republic,30002529
500002,Minmatar Republic,30002530
500002,Minmatar Republic,30002531
500002,Minmatar Republic,30002532
500002,Minmatar Republic,30002533
500002,Minmatar Republic,30002534
500002,Minmatar Republic,30002535
500002,Minmatar Republic,30002536
500002,Minmatar Republic,30002537
500002,Minmatar Republic,30002538
500002,Minmatar Republic,30002539
500002,Minmatar Republic,30002540
500002,Minmatar Republic,30002541
500002,Minmatar Republic,30002542
500002,Minmatar Republic,30002543
500002,Minmatar Republic,30002544
500002,Minmatar Republic,30002545
500002,Minmatar Republic,30002546
500002,Minmatar Republic,30002547
500002,Minmatar Republic,30002548
500002,Minmatar Republic,30002549
500002,Minmatar Republic,30002550
500002,Minmatar Republic,30002551
500002,Minmatar Republic,30002552
500002,Minmatar Republic,30002553
500002,Minmatar Republic,30002554
500002,Minmatar Republic,30002555
500002,Minmatar Republic,30002556
500002,Minmatar Republic,30002557
500002,Minmatar Republic,30002558
500002,Minmatar Republic,30002559
500002,Minmatar Republic,30002560
500002,Minmatar Republic,30002561
500002,Minmatar Republic,30002562
500002,Minmatar Republic,30002563
500002,Minmatar Republic,30002564
500002,Minmatar Republic,30002565
500002,Minmatar Republic,30002566
500002,Minmatar Republic,30002567
500002,Minmatar Republic,30002568
500002,Minmatar Republic,30002569
500002,Minmatar Republic,30002570
500002,Minmatar Republic,30002571
500002,Minmatar Republic,30002572
500002,Minmatar Republic,30002573
500002,Minmatar Republic,30002574
500002,Minmatar Republic,30002575
500002,Minmatar Republic,30002576
500002,Minmatar Republic,30002577
500002,Minmatar Republic,30002578
500002,Minmatar Republic,30002579
500002,Minmatar Republic,30002580
500004,Gallente Federation,30002632
500004,Gallente Federation,30002633
500004,Gallente Federation,30002634
500004,Gallente Federation,30002635
500004,Gallente Federation,30002636
500004,Gallente Federation,30002637
500004,Gallente Federation,30002638
500004,Gallente Federation,30002639
500004,Gallente Federation,30002640
500004,Gallente Federation,30002641
500004,Gallente Federation,30002642
500004,Gallente Federation,30002643
500004,Gallente Federation,30002644
500004,Gallente Federation,30002645
500004,Gallente Federation,30002646
500004,Gallente Federation,30002647
500004,Gallente Federation,30002648
500004,Gallente Federation,30002649
500004,Gallente Federation,30002650
500004,Gallente Federation,30002651
500004,Triglavian Collective,30002652
500004,Gallente Federation,30002653
500004,Gallente Federation,30002654
500004,Gallente Federation,30002655
500004,Gallente Federation,30002656
500004,Gallente Federation,30002657
500004,Gallente Federation,30002658
500004,Gallente Federation,30002659
500004,Gallente Federation,30002660
500004,Gallente Federation,30002661
500004,Gallente Federation,30002662
500004,Gallente Federation,30002663
500004,Gallente Federation,30002664
500004,Gallente Federation,30002665
500004,Gallente Federation,30002666
500004,Gallente Federation,30002667
500004,Gallente Federation,30002668
500004,Gallente Federation,30002669
500004,Gallente Federation,30002670
500004,Gallente Federation,30002671
500004,Gallente Federation,30002672
500004,Gallente Federation,30002673
500004,Gallente Federation,30002674
500004,Gallente Federation,30002675
500004,Gallente Federation,30002676
500004,Gallente Federation,30002677
500004,Gallente Federation,30002678
500004,Gallente Federation,30002679
500004,Gallente Federation,30002680
500004,Gallente Federation,30002681
500004,Gallente Federation,30002682
500004,Gallente Federation,30002683
500004,Gallente Federation,30002684
500004,Gallente Federation,30002685
500004,Gallente Federation,30002686
500004,Gallente Federation,30002687
500004,Gallente Federation,30002688
500004,Gallente Federation,30002689
500004,Gallente Federation,30002690
500004,Gallente Federation,30002691
500004,Gallente Federation,30002692
500004,Gallente Federation,30002693
500004,Gallente Federation,30002694
500004,Gallente Federation,30002695
500004,Gallente Federation,30002696
500004,Gallente Federation,30002697
500004,Gallente Federation,30002698
500004,Gallente Federation,30002699
500004,Gallente Federation,30002700
500004,Gallente Federation,30002701
500004,Triglavian Collective,30002702
500004,Gallente Federation,30002703
500004,Gallente Federation,30002704
500004,Gallente Federation,30002705
500004,Gallente Federation,30002706
500004,Gallente Federation,30002707
500004,Gallente Federation,30002708
500004,Gallente Federation,30002709
500004,Gallente Federation,30002710
500004,Gallente Federation,30002711
500004,Gallente Federation,30002712
500004,Gallente Federation,30002713
500004,Gallente Federation,30002714
500004,Gallente Federation,30002715
500004,Gallente Federation,30002716
500004,Gallente Federation,30002717
500004,Gallente Federation,30002718
500004,Gallente Federation,30002719
500004,Gallente Federation,30002720
500004,Gallente Federation,30002721
500004,Gallente Federation,30002722
500004,Gallente Federation,30002723
500004,Gallente Federation,30002724
500004,Gallente Federation,30002725
500004,Gallente Federation,30002726
500004,Gallente Federation,30002727
500004,Gallente Federation,30002728
500004,Gallente Federation,30002729
500004,Gallente Federation,30002730
500004,Gallente Federation,30002731
500004,Gallente Federation,30002732
500004,Gallente Federation,30002733
500004,Gallente Federation,30002734
500004,Gallente Federation,30002735
500004,Gallente Federation,30002736
500001,Triglavian Collective,30002737
500001,Caldari State,30002738
500001,Caldari State,30002739
500001,Caldari State,30002740
500001,Caldari State,30002741
500001,Caldari State,30002742
500001,Caldari State,30002743
500001,Caldari State,30002744
500001,Caldari State,30002745
500001,Caldari State,30002746
500001,Caldari State,30002747
500001,Caldari State,30002748
500001,Caldari State,30002749
500001,Caldari State,30002750
500001,Caldari State,30002751
500001,Caldari State,30002752
500001,Caldari State,30002753
500001,Caldari State,30002754
500001,Caldari State,30002755
500001,Caldari State,30002756
500001,Caldari State,30002757
500001,Caldari State,30002758
500001,Caldari State,30002759
500001,Caldari State,30002760
500001,Caldari State,30002761
500001,Caldari State,30002762
500001,Caldari State,30002763
500001,Caldari State,30002764
500001,Caldari State,30002765
500001,Caldari State,30002766
500001,Caldari State,30002767
500001,Caldari State,30002768
500001,Caldari State,30002769
500001,Triglavian Collective,30002770
500001,Caldari State,30002771
500001,Caldari State,30002772
500001,Caldari State,30002773
500001,Caldari State,30002774
500001,Caldari State,30002775
500001,Caldari State,30002776
500001,Caldari State,30002777
500001,Caldari State,30002778
500001,Caldari State,30002779
500001,Caldari State,30002780
500001,Caldari State,30002781
500001,Caldari State,30002782
500001,Caldari State,30002783
500001,Caldari State,30002784
500001,Caldari State,30002785
500001,Caldari State,30002786
500001,Caldari State,30002787
500001,Caldari State,30002788
500001,Caldari State,30002789
500001,Caldari State,30002790
500001,Caldari State,30002791
500001,Caldari State,30002792
500001,Caldari State,30002793
500001,Caldari State,30002794
500001,Caldari State,30002795
500001,Caldari State,30002796
500001,Triglavian Collective,30002797
500001,Caldari State,30002798
500001,Caldari State,30002799
500001,Caldari State,30002800
500001,Caldari State,30002801
500001,Caldari State,30002802
500001,Caldari State,30002803
500001,Caldari State,30002804
500001,Caldari State,30002805
500001,Caldari State,30002806
500001,Caldari State,30002807
500001,Caldari State,30002808
500001,Caldari State,30002809
500001,Caldari State,30002810
500001,Caldari State,30002811
500001,Caldari State,30002812
500001,Caldari State,30002813
500001,Caldari State,30002814
500001,Caldari State,30002815
500001,Caldari State,30002816
500001,Caldari State,30002817
500001,Caldari State,30002818
500001,Caldari State,30002819
500003,Amarr Empire,30002957
500003,Amarr Empire,30002958
500003,Amarr Empire,30002959
500003,Amarr Empire,30002960
500003,Amarr Empire,30002961
500003,Amarr Empire,30002962
500003,Amarr Empire,30002963
500003,Amarr Empire,30002964
500003,Amarr Empire,30002965
500003,Amarr Empire,30002966
500003,Amarr Empire,30002967
500003,Amarr Empire,30002968
500003,Amarr Empire,30002969
500003,Amarr Empire,30002970
500003,Amarr Empire,30002971
500003,Amarr Empire,30002972
500003,Amarr Empire,30002973
500003,Amarr Empire,30002974
500003,Amarr Empire,30002975
500003,Amarr Empire,30002976
500003,Amarr Empire,30002977
500003,Amarr Empire,30002978
500003,Amarr Empire,30002979
500003,Amarr Empire,30002980
500003,Amarr Empire,30002981
500003,Amarr Empire,30002982
500003,Amarr Empire,30002983
500003,Amarr Empire,30002984
500003,Amarr Empire,30002985
500003,Amarr Empire,30002986
500003,Amarr Empire,30002987
500003,Amarr Empire,30002988
500003,Amarr Empire,30002989
500003,Amarr Empire,30002990
500003,Amarr Empire,30002991
500003,Amarr Empire,30002992
500003,Amarr Empire,30002993
500003,Amarr Empire,30002994
500003,Amarr Empire,30002995
500003,Amarr Empire,30002996
500003,Amarr Empire,30002997
500003,Amarr Empire,30002998
500003,Amarr Empire,30002999
500003,Amarr Empire,30003000
500003,Amarr Empire,30003001
500003,Amarr Empire,30003002
500003,Amarr Empire,30003003
500003,Amarr Empire,30003004
500003,Amarr Empire,30003005
500003,Amarr Empire,30003006
500003,Amarr Empire,30003007
500003,Amarr Empire,30003008
500004,Gallente Federation,30003009
500004,Gallente Federation,30003010
500004,Gallente Federation,30003011
500004,Gallente Federation,30003012
500004,Gallente Federation,30003013
500004,Gallente Federation,30003014
500004,Gallente Federation,30003015
500004,Gallente Federation,30003016
500004,Gallente Federation,30003017
500004,Gallente Federation,30003018
500004,Gallente Federation,30003019
500004,Gallente Federation,30003020
500004,Gallente Federation,30003021
500004,Gallente Federation,30003022
500004,Gallente Federation,30003023
500004,Gallente Federation,30003024
500004,Gallente Federation,30003025
500004,Gallente Federation,30003026
500004,Gallente Federation,30003027
500004,Gallente Federation,30003028
500004,Gallente Federation,30003029
500004,Gallente Federation,30003030
500004,Gallente Federation,30003031
500004,Gallente Federation,30003032
500004,Gallente Federation,30003033
500004,Gallente Federation,30003034
500004,Gallente Federation,30003035
500004,Gallente Federation,30003036
500004,Gallente Federation,30003037
500004,Gallente Federation,30003038
500004,Gallente Federation,30003039
500004,Gallente Federation,30003040
500004,Gallente Federation,30003041
500004,Gallente Federation,30003042
500004,Gallente Federation,30003043
500004,Gallente Federation,30003044
500004,Gallente Federation,30003045
500004,Triglavian Collective,30003046
500004,Gallente Federation,30003047
500004,Gallente Federation,30003048
500004,Gallente Federation,30003049
500004,Gallente Federation,30003050
500004,Gallente Federation,30003051
500004,Gallente Federation,30003052
500004,Gallente Federation,30003053
500004,Gallente Federation,30003054
500004,Gallente Federation,30003055
500004,Gallente Federation,30003056
500004,Gallente Federation,30003057
500004,Gallente Federation,30003058
500004,Gallente Federation,30003059
500004,Gallente Federation,30003060
500004,Gallente Federation,30003061
500004,Gallente Federation,30003062
500003,Amarr Empire,30003063
500003,Amarr Empire,30003064
500003,Amarr Empire,30003065
500003,Amarr Empire,30003066
500003,Amarr Empire,30003067
500003,Amarr Empire,30003068
500003,Amarr Empire,30003069
500003,Amarr Empire,30003070
500003,Amarr Empire,30003071
500003,Amarr Empire,30003072
500003,Amarr Empire,30003073
500003,Amarr Empire,30003074
500003,Amarr Empire,30003075
500003,Amarr Empire,30003076
500003,Amarr Empire,30003077
500003,Amarr Empire,30003078
500003,Amarr Empire,30003079
500003,Amarr Empire,30003080
500003,Amarr Empire,30003081
500003,Amarr Empire,30003082
500003,Amarr Empire,30003083
500003,Amarr Empire,30003084
500003,Amarr Empire,30003085
500003,Amarr Empire,30003086
500003,Amarr Empire,30003087
500003,Amarr Empire,30003088
500003,Amarr Empire,30003089
500003,Amarr Empire,30003090
500003,Amarr Empire,30003091
500003,Amarr Empire,30003092
500003,Amarr Empire,30003093
500003,Amarr Empire,30003094
500003,Amarr Empire,30003095
500003,Amarr Empire,30003096
500003,Amarr Empire,30003097
500009,The Syndicate,30003268
500009,The Syndicate,30003269
500009,The Syndicate,30003270
500009,The Syndicate,30003271
500009,The Syndicate,30003272
500009,The Syndicate,30003273
500009,The Syndicate,30003274
500009,The Syndicate,30003275
500009,The Syndicate,30003276
500009,The Syndicate,30003277
500009,The Syndicate,30003278
500009,The Syndicate,30003279
500009,The Syndicate,30003280
500009,The Syndicate,30003281
500009,The Syndicate,30003282
500009,The Syndicate,30003283
500009,The Syndicate,30003284
500009,The Syndicate,30003285
500009,The Syndicate,30003286
500009,The Syndicate,30003287
500009,The Syndicate,30003288
500009,The Syndicate,30003289
500009,The Syndicate,30003290
500009,The Syndicate,30003291
500001,Caldari State,30003292
500001,Caldari State,30003293
500001,Caldari State,30003294
500001,Caldari State,30003295
500001,Caldari State,30003296
500001,Caldari State,30003297
500001,Caldari State,30003298
500001,Caldari State,30003299
500001,Caldari State,30003300
500009,The Syndicate,30003301
500009,The Syndicate,30003302
500009,The Syndicate,30003303
500009,The Syndicate,30003304
500009,The Syndicate,30003305
500009,The Syndicate,30003306
500009,The Syndicate,30003307
500009,The Syndicate,30003308
500009,The Syndicate,30003309
500009,The Syndicate,30003310
500009,The Syndicate,30003311
500009,The Syndicate,30003312
500009,The Syndicate,30003313
500009,The Syndicate,30003314
500009,The Syndicate,30003315
500009,The Syndicate,30003316
500009,The Syndicate,30003317
500009,The Syndicate,30003318
500009,The Syndicate,30003319
500009,The Syndicate,30003320
500009,The Syndicate,30003321
500009,The Syndicate,30003322
500009,The Syndicate,30003323
500009,The Syndicate,30003324
500009,The Syndicate,30003325
500009,The Syndicate,30003326
500009,The Syndicate,30003327
500009,The Syndicate,30003328
500009,The Syndicate,30003329
500009,The Syndicate,30003330
500009,The Syndicate,30003331
500009,The Syndicate,30003332
500009,The Syndicate,30003333
500009,The Syndicate,30003334
500009,The Syndicate,30003335
500009,The Syndicate,30003336
500009,The Syndicate,30003337
500009,The Syndicate,30003338
500009,The Syndicate,30003339
500009,The Syndicate,30003340
500009,The Syndicate,30003341
500009,The Syndicate,30003342
500009,The Syndicate,30003343
500009,The Syndicate,30003344
500009,The Syndicate,30003345
500009,The Syndicate,30003346
500009,The Syndicate,30003347
500009,The Syndicate,30003348
500009,The Syndicate,30003349
500009,The Syndicate,30003350
500009,The Syndicate,30003351
500009,The Syndicate,30003352
500009,The Syndicate,30003353
500009,The Syndicate,30003354
500009,The Syndicate,30003355
500009,The Syndicate,30003356
500009,The Syndicate,30003357
500009,The Syndicate,30003358
500009,The Syndicate,30003359
500009,The Syndicate,30003360
500009,The Syndicate,30003361
500009,The Syndicate,30003362
500009,The Syndicate,30003363
500009,The Syndicate,30003364
500009,The Syndicate,30003365
500009,The Syndicate,30003366
500009,The Syndicate,30003367
500009,The Syndicate,30003368
500009,The Syndicate,30003369
500009,The Syndicate,30003370
500009,The Syndicate,30003371
500009,The Syndicate,30003372
500009,The Syndicate,30003373
500002,Minmatar Republic,30003374
500002,Minmatar Republic,30003375
500002,Minmatar Republic,30003376
500002,Minmatar Republic,30003377
500002,Minmatar Republic,30003378
500002,Minmatar Republic,30003379
500002,Minmatar Republic,30003380
500002,Minmatar Republic,30003381
500002,Minmatar Republic,30003382
500002,Minmatar Republic,30003383
500002,Minmatar Republic,30003384
500002,Minmatar Republic,30003385
500002,Minmatar Republic,30003386
500002,Minmatar Republic,30003387
500002,Minmatar Republic,30003388
500002,Minmatar Republic,30003389
500002,Minmatar Republic,30003390
500002,Minmatar Republic,30003391
500002,Minmatar Republic,30003392
500002,Minmatar Republic,30003393
500002,Minmatar Republic,30003394
500002,Minmatar Republic,30003395
500002,Minmatar Republic,30003396
500002,Minmatar Republic,30003397
500002,Minmatar Republic,30003398
500002,Minmatar Republic,30003399
500002,Minmatar Republic,30003400
500002,Minmatar Republic,30003401
500002,Minmatar Republic,30003402
500002,Minmatar Republic,30003403
500002,Minmatar Republic,30003404
500002,Minmatar Republic,30003405
500002,Minmatar Republic,30003406
500002,Minmatar Republic,30003407
500002,Minmatar Republic,30003408
500002,Minmatar Republic,30003409
500002,Minmatar Republic,30003410
500002,Minmatar Republic,30003411
500002,Minmatar Republic,30003412
500002,Minmatar Republic,30003413
500002,Minmatar Republic,30003414
500002,Minmatar Republic,30003415
500002,Minmatar Republic,30003416
500002,Minmatar Republic,30003417
500002,Minmatar Republic,30003418
500002,Minmatar Republic,30003419
500002,Minmatar Republic,30003420
500002,Minmatar Republic,30003421
500002,Minmatar Republic,30003422
500002,Minmatar Republic,30003423
500002,Minmatar Republic,30003424
500002,Minmatar Republic,30003425
500002,Minmatar Republic,30003426
500002,Minmatar Republic,30003427
500002,Minmatar Republic,30003428
500002,Minmatar Republic,30003429
500002,Minmatar Republic,30003430
500002,Minmatar Republic,30003431
500002,Minmatar Republic,30003432
500002,Minmatar Republic,30003433
500002,Minmatar Republic,30003434
500002,Minmatar Republic,30003435
500002,Minmatar Republic,30003436
500002,Minmatar Republic,30003437
500002,Minmatar Republic,30003438
500002,Minmatar Republic,30003439
500002,Minmatar Republic,30003440
500002,Minmatar Republic,30003441
500002,Minmatar Republic,30003442
500002,Minmatar Republic,30003443
500002,Minmatar Republic,30003444
500002,Minmatar Republic,30003445
500002,Minmatar Republic,30003446
500002,Minmatar Republic,30003447
500002,Minmatar Republic,30003448
500002,Minmatar Republic,30003449
500002,Minmatar Republic,30003450
500002,Minmatar Republic,30003451
500002,Minmatar Republic,30003452
500002,Minmatar Republic,30003453
500002,Minmatar Republic,30003454
500002,Minmatar Republic,30003455
500002,Minmatar Republic,30003456
500002,Minmatar Republic,30003457
500002,Minmatar Republic,30003458
500002,Minmatar Republic,30003459
500002,Minmatar Republic,30003460
500002,Minmatar Republic,30003461
500002,Minmatar Republic,30003462
500002,Minmatar Republic,30003463
500002,Minmatar Republic,30003464
500002,Minmatar Republic,30003465
500002,Minmatar Republic,30003466
500002,Minmatar Republic,30003467
500002,Minmatar Republic,30003468
500002,Minmatar Republic,30003469
500002,Minmatar Republic,30003470
500002,Minmatar Republic,30003471
500002,Minmatar Republic,30003472
500003,Amarr Empire,30003473
500003,Amarr Empire,30003474
500003,Amarr Empire,30003475
500003,Amarr Empire,30003476
500003,Amarr Empire,30003477
500003,Amarr Empire,30003478
500003,Amarr Empire,30003479
500003,Amarr Empire,30003480
500003,Amarr Empire,30003481
500003,Amarr Empire,30003482
500003,Amarr Empire,30003483
500003,Amarr Empire,30003484
500003,Amarr Empire,30003485
500003,Amarr Empire,30003486
500003,Amarr Empire,30003487
500003,Amarr Empire,30003488
500003,Amarr Empire,30003489
500003,Amarr Empire,30003490
500003,Amarr Empire,30003491
500003,Amarr Empire,30003492
500003,Amarr Empire,30003493
500003,Amarr Empire,30003494
500003,Triglavian Collective,30003495
500003,Amarr Empire,30003496
500003,Amarr Empire,30003497
500003,Amarr Empire,30003498
500003,Amarr Empire,30003499
500003,Amarr Empire,30003500
500003,Amarr Empire,30003501
500003,Amarr Empire,30003502
500003,Amarr Empire,30003503
500003,Triglavian Collective,30003504
500003,Amarr Empire,30003505
500003,Amarr Empire,30003506
500003,Amarr Empire,30003507
500003,Amarr Empire,30003508
500003,Amarr Empire,30003509
500003,Amarr Empire,30003510
500003,Amarr Empire,30003511
500003,Amarr Empire,30003512
500003,Amarr Empire,30003513
500003,Amarr Empire,30003514
500003,Amarr Empire,30003515
500003,Amarr Empire,30003516
500003,Amarr Empire,30003517
500003,Amarr Empire,30003518
500003,Amarr Empire,30003519
500003,Amarr Empire,30003520
500003,Amarr Empire,30003521
500003,Amarr Empire,30003522
500003,Amarr Empire,30003523
500003,Amarr Empire,30003524
500003,Amarr Empire,30003525
500003,Amarr Empire,30003526
500003,Amarr Empire,30003527
500003,Amarr Empire,30003528
500003,Amarr Empire,30003529
500003,Amarr Empire,30003530
500003,Amarr Empire,30003531
500003,Amarr Empire,30003532
500003,Amarr Empire,30003533
500003,Amarr Empire,30003534
500003,Amarr Empire,30003535
500003,Amarr Empire,30003536
500003,Amarr Empire,30003537
500003,Amarr Empire,30003538
500003,Amarr Empire,30003539
500003,Amarr Empire,30003540
500003,Amarr Empire,30003541
500003,Amarr Empire,30003542
500003,Amarr Empire,30003543
500003,Amarr Empire,30003544
500003,Amarr Empire,30003545
500003,Amarr Empire,30003546
500003,Amarr Empire,30003547
500003,Amarr Empire,30003548
500003,Amarr Empire,30003549
500003,Amarr Empire,30003550
500003,Amarr Empire,30003551
500003,Amarr Empire,30003552
500003,Amarr Empire,30003553
500003,Amarr Empire,30003554
500003,Amarr Empire,30003555
500003,Amarr Empire,30003556
500003,Amarr Empire,30003557
500003,Amarr Empire,30003558
500003,Amarr Empire,30003559
500003,Amarr Empire,30003560
500003,Amarr Empire,30003561
500003,Amarr Empire,30003562
500003,Amarr Empire,30003563
500003,Amarr Empire,30003564
500004,Gallente Federation,30003565
500004,Gallente Federation,30003566
500004,Gallente Federation,30003567
500004,Gallente Federation,30003568
500004,Gallente Federation,30003569
500004,Gallente Federation,30003570
500004,Gallente Federation,30003571
500004,Gallente Federation,30003572
500004,Gallente Federation,30003573
500004,Gallente Federation,30003574
500004,Gallente Federation,30003575
500004,Gallente Federation,30003576
500004,Gallente Federation,30003577
500004,Gallente Federation,30003578
500004,Gallente Federation,30003579
500004,Gallente Federation,30003580
500004,Gallente Federation,30003581
500004,Gallente Federation,30003582
500004,Gallente Federation,30003583
500004,Gallente Federation,30003584
500004,Gallente Federation,30003585
500004,Gallente Federation,30003586
500004,Gallente Federation,30003587
500004,Gallente Federation,30003588
500004,Gallente Federation,30003589
500004,Gallente Federation,30003590
500004,Gallente Federation,30003591
500004,Gallente Federation,30003592
500004,Gallente Federation,30003593
500004,Gallente Federation,30003594
500004,Gallente Federation,30003595
500004,Gallente Federation,30003596
500004,Gallente Federation,30003597
500004,Gallente Federation,30003598
500004,Gallente Federation,30003599
500004,Gallente Federation,30003600
500004,Gallente Federation,30003601
500004,Gallente Federation,30003602
500004,Gallente Federation,30003603
500004,Gallente Federation,30003604
500004,Gallente Federation,30003605
500004,Gallente Federation,30003606
500004,Gallente Federation,30003607
500004,Gallente Federation,30003787
500004,Gallente Federation,30003788
500004,Gallente Federation,30003789
500004,Gallente Federation,30003790
500004,Gallente Federation,30003791
500004,Gallente Federation,30003792
500004,Gallente Federation,30003793
500004,Gallente Federation,30003794
500004,Gallente Federation,30003795
500004,Gallente Federation,30003796
500004,Gallente Federation,30003797
500004,Gallente Federation,30003798
500004,Gallente Federation,30003799
500004,Gallente Federation,30003800
500004,Gallente Federation,30003801
500004,Gallente Federation,30003802
500004,Gallente Federation,30003803
500004,Gallente Federation,30003804
500004,Gallente Federation,30003805
500004,Gallente Federation,30003806
500004,Gallente Federation,30003807
500004,Gallente Federation,30003808
500004,Gallente Federation,30003809
500004,Gallente Federation,30003810
500004,Gallente Federation,30003811
500004,Gallente Federation,30003812
500004,Gallente Federation,30003813
500004,Gallente Federation,30003814
500004,Gallente Federation,30003815
500004,Gallente Federation,30003816
500004,Gallente Federation,30003817
500004,Gallente Federation,30003818
500004,Gallente Federation,30003819
500004,Gallente Federation,30003820
500004,Gallente Federation,30003821
500004,Gallente Federation,30003822
500004,Gallente Federation,30003823
500004,Gallente Federation,30003824
500004,Gallente Federation,30003825
500004,Gallente Federation,30003826
500004,Gallente Federation,30003827
500004,Gallente Federation,30003828
500004,Gallente Federation,30003829
500004,Gallente Federation,30003830
500004,Gallente Federation,30003831
500004,Gallente Federation,30003832
500004,Gallente Federation,30003833
500004,Gallente Federation,30003834
500004,Gallente Federation,30003835
500004,Gallente Federation,30003836
500004,Gallente Federation,30003837
500004,Gallente Federation,30003838
500004,Gallente Federation,30003839
500004,Gallente Federation,30003840
500004,Gallente Federation,30003841
500004,Gallente Federation,30003842
500004,Gallente Federation,30003843
500004,Gallente Federation,30003844
500004,Gallente Federation,30003845
500004,Gallente Federation,30003846
500004,Gallente Federation,30003847
500004,Gallente Federation,30003848
500004,Gallente Federation,30003849
500004,Gallente Federation,30003850
500004,Gallente Federation,30003851
500004,Gallente Federation,30003852
500004,Gallente Federation,30003853
500004,Gallente Federation,30003854
500004,Gallente Federation,30003855
500004,Gallente Federation,30003856
500004,Gallente Federation,30003857
500008,Kahnid Kingdom,30003858
500008,Kahnid Kingdom,30003859
500008,Kahnid Kingdom,30003860
500008,Kahnid Kingdom,30003861
500008,Kahnid Kingdom,30003862
500008,Kahnid Kingdom,30003863
500008,Kahnid Kingdom,30003864
500008,Kahnid Kingdom,30003865
500008,Kahnid Kingdom,30003866
500008,Kahnid Kingdom,30003867
500008,Kahnid Kingdom,30003868
500008,Kahnid Kingdom,30003869
500008,Kahnid Kingdom,30003870
500008,Kahnid Kingdom,30003871
500008,Kahnid Kingdom,30003872
500008,Kahnid Kingdom,30003873
500008,Kahnid Kingdom,30003874
500008,Kahnid Kingdom,30003875
500008,Kahnid Kingdom,30003876
500008,Kahnid Kingdom,30003877
500008,Kahnid Kingdom,30003878
500008,Kahnid Kingdom,30003879
500008,Kahnid Kingdom,30003880
500008,Kahnid Kingdom,30003881
500008,Kahnid Kingdom,30003882
500008,Kahnid Kingdom,30003883
500008,Kahnid Kingdom,30003884
500008,Kahnid Kingdom,30003885
500008,Kahnid Kingdom,30003886
500008,Kahnid Kingdom,30003887
500008,Kahnid Kingdom,30003888
500008,Kahnid Kingdom,30003889
500008,Kahnid Kingdom,30003890
500008,Kahnid Kingdom,30003891
500008,Kahnid Kingdom,30003892
500008,Kahnid Kingdom,30003893
500008,Kahnid Kingdom,30003894
500008,Kahnid Kingdom,30003895
500008,Kahnid Kingdom,30003896
500008,Kahnid Kingdom,30003897
500008,Kahnid Kingdom,30003898
500008,Kahnid Kingdom,30003899
500008,Kahnid Kingdom,30003900
500008,Kahnid Kingdom,30003901
500008,Kahnid Kingdom,30003902
500008,Kahnid Kingdom,30003903
500008,Kahnid Kingdom,30003904
500008,Kahnid Kingdom,30003905
500008,Kahnid Kingdom,30003906
500008,Kahnid Kingdom,30003907
500008,Kahnid Kingdom,30003908
500008,Kahnid Kingdom,30003909
500008,Kahnid Kingdom,30003910
500008,Kahnid Kingdom,30003911
500008,Kahnid Kingdom,30003912
500008,Kahnid Kingdom,30003913
500008,Kahnid Kingdom,30003914
500008,Kahnid Kingdom,30003915
500008,Kahnid Kingdom,30003916
500008,Kahnid Kingdom,30003917
500008,Kahnid Kingdom,30003918
500008,Kahnid Kingdom,30003919
500008,Kahnid Kingdom,30003920
500008,Kahnid Kingdom,30003921
500008,Kahnid Kingdom,30003922
500008,Kahnid Kingdom,30003923
500008,Kahnid Kingdom,30003924
500008,Kahnid Kingdom,30003925
500008,Kahnid Kingdom,30003926
500008,Kahnid Kingdom,30003927
500008,Kahnid Kingdom,30003928
500008,Kahnid Kingdom,30003929
500008,Kahnid Kingdom,30003930
500008,Kahnid Kingdom,30003931
500008,Kahnid Kingdom,30003932
500008,Kahnid Kingdom,30003933
500008,Kahnid Kingdom,30003934
500008,Kahnid Kingdom,30003935
500008,Kahnid Kingdom,30003936
500008,Kahnid Kingdom,30003937
500008,Kahnid Kingdom,30003938
500008,Kahnid Kingdom,30003939
500008,Kahnid Kingdom,30003940
500008,Kahnid Kingdom,30003941
500003,Amarr Empire,30004077
500003,Amarr Empire,30004078
500003,Amarr Empire,30004079
500003,Amarr Empire,30004080
500003,Amarr Empire,30004081
500003,Amarr Empire,30004082
500003,Amarr Empire,30004083
500003,Amarr Empire,30004084
500003,Amarr Empire,30004085
500003,Amarr Empire,30004086
500003,Amarr Empire,30004087
500003,Amarr Empire,30004088
500003,Amarr Empire,30004089
500003,Amarr Empire,30004090
500003,Amarr Empire,30004091
500003,Amarr Empire,30004092
500003,Amarr Empire,30004093
500003,Amarr Empire,30004094
500003,Amarr Empire,30004095
500003,Amarr Empire,30004096
500003,Amarr Empire,30004097
500003,Amarr Empire,30004098
500003,Amarr Empire,30004099
500003,Amarr Empire,30004100
500003,Amarr Empire,30004101
500003,Amarr Empire,30004102
500003,Amarr Empire,30004103
500003,Amarr Empire,30004104
500003,Amarr Empire,30004105
500003,Amarr Empire,30004106
500003,Amarr Empire,30004107
500003,Amarr Empire,30004108
500003,Amarr Empire,30004109
500003,Amarr Empire,30004110
500003,Amarr Empire,30004111
500003,Amarr Empire,30004112
500003,Amarr Empire,30004113
500003,Amarr Empire,30004114
500003,Amarr Empire,30004115
500003,Amarr Empire,30004116
500003,Amarr Empire,30004117
500003,Amarr Empire,30004118
500003,Amarr Empire,30004119
500003,Amarr Empire,30004120
500003,Amarr Empire,30004121
500003,Amarr Empire,30004122
500003,Amarr Empire,30004123
500003,Amarr Empire,30004124
500003,Amarr Empire,30004125
500003,Amarr Empire,30004126
500003,Amarr Empire,30004127
500003,Amarr Empire,30004128
500003,Amarr Empire,30004129
500003,Amarr Empire,30004130
500003,Amarr Empire,30004131
500003,Amarr Empire,30004132
500003,Amarr Empire,30004133
500003,Amarr Empire,30004134
500003,Amarr Empire,30004135
500003,Amarr Empire,30004136
500003,Amarr Empire,30004137
500003,Amarr Empire,30004138
500003,Amarr Empire,30004139
500003,Amarr Empire,30004140
500003,Amarr Empire,30004141
500003,Amarr Empire,30004142
500003,Amarr Empire,30004143
500003,Amarr Empire,30004144
500003,Amarr Empire,30004145
500003,Amarr Empire,30004146
500003,Amarr Empire,30004147
500003,Amarr Empire,30004148
500003,Amarr Empire,30004149
500003,Amarr Empire,30004150
500003,Amarr Empire,30004151
500003,Amarr Empire,30004152
500003,Amarr Empire,30004153
500003,Amarr Empire,30004154
500003,Amarr Empire,30004155
500003,Amarr Empire,30004156
500003,Amarr Empire,30004157
500003,Amarr Empire,30004158
500003,Amarr Empire,30004159
500003,Amarr Empire,30004160
500003,Amarr Empire,30004230
500003,Amarr Empire,30004231
500003,Amarr Empire,30004232
500003,Amarr Empire,30004233
500003,Amarr Empire,30004234
500003,Amarr Empire,30004235
500003,Amarr Empire,30004236
500003,Amarr Empire,30004237
500003,Amarr Empire,30004238
500003,Amarr Empire,30004239
500003,Amarr Empire,30004240
500003,Amarr Empire,30004241
500003,Amarr Empire,30004242
500003,Amarr Empire,30004243
500003,Amarr Empire,30004244
500003,Amarr Empire,30004245
500003,Amarr Empire,30004246
500003,Amarr Empire,30004247
500003,Amarr Empire,30004248
500003,Amarr Empire,30004249
500003,Amarr Empire,30004250
500003,Amarr Empire,30004251
500003,Amarr Empire,30004252
500003,Amarr Empire,30004253
500003,Amarr Empire,30004254
500003,Amarr Empire,30004255
500003,Amarr Empire,30004256
500003,Amarr Empire,30004257
500003,Amarr Empire,30004258
500003,Amarr Empire,30004259
500003,Amarr Empire,30004260
500003,Amarr Empire,30004261
500003,Amarr Empire,30004262
500003,Amarr Empire,30004263
500003,Amarr Empire,30004264
500003,Amarr Empire,30004265
500003,Amarr Empire,30004266
500003,Amarr Empire,30004267
500003,Amarr Empire,30004268
500003,Amarr Empire,30004269
500003,Amarr Empire,30004270
500003,Amarr Empire,30004271
500003,Amarr Empire,30004272
500003,Amarr Empire,30004273
500003,Amarr Empire,30004274
500003,Amarr Empire,30004275
500003,Amarr Empire,30004276
500003,Amarr Empire,30004277
500003,Amarr Empire,30004278
500003,Amarr Empire,30004279
500003,Amarr Empire,30004280
500003,Amarr Empire,30004281
500003,Amarr Empire,30004282
500003,Amarr Empire,30004283
500003,Amarr Empire,30004284
500003,Amarr Empire,30004285
500003,Amarr Empire,30004286
500003,Amarr Empire,30004287
500003,Amarr Empire,30004288
500003,Amarr Empire,30004289
500003,Amarr Empire,30004290
500003,Amarr Empire,30004291
500003,Amarr Empire,30004292
500003,Amarr Empire,30004293
500003,Amarr Empire,30004294
500003,Amarr Empire,30004295
500003,Amarr Empire,30004296
500003,Amarr Empire,30004297
500003,Amarr Empire,30004298
500003,Amarr Empire,30004299
500003,Amarr Empire,30004300
500003,Amarr Empire,30004301
500003,Amarr Empire,30004302
500003,Amarr Empire,30004303
500003,Amarr Empire,30004304
500003,Amarr Empire,30004305
500003,Amarr Empire,30004306
500003,Amarr Empire,30004307
500003,Amarr Empire,30004308
500003,Amarr Empire,30004309
500014,ORE,30004493
500014,ORE,30004494
500014,ORE,30004495
500014,ORE,30004496
500014,ORE,30004497
500014,ORE,30004498
500014,ORE,30004499
500014,ORE,30004500
500014,ORE,30004501
500014,ORE,30004502
500014,ORE,30004503
500014,ORE,30004504
500014,ORE,30004505
500014,ORE,30004506
500014,ORE,30004507
500014,ORE,30004508
500014,ORE,30004509
500014,ORE,30004510
500014,ORE,30004511
500014,ORE,30004512
500014,ORE,30004513
500014,ORE,30004514
500014,ORE,30004515
500014,ORE,30004516
500014,ORE,30004517
500014,ORE,30004518
500014,ORE,30004519
500014,ORE,30004520
500014,ORE,30004521
500014,ORE,30004522
500014,ORE,30004523
500014,ORE,30004524
500014,ORE,30004525
500014,ORE,30004526
500014,ORE,30004527
500014,ORE,30004528
500014,ORE,30004529
500014,ORE,30004530
500014,ORE,30004531
500014,ORE,30004532
500014,ORE,30004533
500014,ORE,30004534
500014,ORE,30004535
500014,ORE,30004536
500014,ORE,30004537
500014,ORE,30004538
500014,ORE,30004539
500014,ORE,30004540
500014,ORE,30004541
500014,ORE,30004542
500014,ORE,30004543
500014,ORE,30004544
500014,ORE,30004545
500014,ORE,30004546
500014,ORE,30004547
500014,ORE,30004548
500014,ORE,30004549
500014,ORE,30004550
500014,ORE,30004551
500020,Serpentis,30004617
500020,Serpentis,30004618
500020,Serpentis,30004619
500020,Serpentis,30004620
500020,Serpentis,30004621
500020,Serpentis,30004622
500020,Serpentis,30004623
500012,The Blood Raider Covenant,30004706
500012,The Blood Raider Covenant,30004707
500012,The Blood Raider Covenant,30004708
500012,The Blood Raider Covenant,30004709
500012,The Blood Raider Covenant,30004710
500012,The Blood Raider Covenant,30004711
500012,The Blood Raider Covenant,30004718
500012,The Blood Raider Covenant,30004719
500012,The Blood Raider Covenant,30004720
500012,The Blood Raider Covenant,30004721
500012,The Blood Raider Covenant,30004722
500012,The Blood Raider Covenant,30004723
500004,Gallente Federation,30004967
500004,Gallente Federation,30004968
500004,Gallente Federation,30004969
500004,Gallente Federation,30004970
500004,Gallente Federation,30004971
500004,Gallente Federation,30004972
500004,Gallente Federation,30004973
500004,Gallente Federation,30004974
500004,Gallente Federation,30004975
500004,Gallente Federation,30004976
500004,Gallente Federation,30004977
500004,Gallente Federation,30004978
500004,Gallente Federation,30004979
500004,Gallente Federation,30004980
500004,Gallente Federation,30004981
500004,Gallente Federation,30004982
500004,Gallente Federation,30004983
500004,Gallente Federation,30004984
500004,Gallente Federation,30004985
500004,Gallente Federation,30004986
500004,Gallente Federation,30004987
500004,Gallente Federation,30004988
500004,Gallente Federation,30004989
500004,Gallente Federation,30004990
500004,Gallente Federation,30004991
500004,Gallente Federation,30004992
500004,Gallente Federation,30004993
500004,Gallente Federation,30004994
500004,Gallente Federation,30004995
500004,Gallente Federation,30004996
500004,Gallente Federation,30004997
500004,Gallente Federation,30004998
500004,Gallente Federation,30004999
500004,Gallente Federation,30005000
500004,Gallente Federation,30005001
500004,Gallente Federation,30005002
500004,Gallente Federation,30005003
500004,Gallente Federation,30005004
500004,Triglavian Collective,30005005
500004,Gallente Federation,30005006
500004,Gallente Federation,30005007
500004,Gallente Federation,30005008
500004,Gallente Federation,30005009
500004,Gallente Federation,30005010
500004,Gallente Federation,30005011
500004,Gallente Federation,30005012
500004,Gallente Federation,30005013
500004,Gallente Federation,30005014
500004,Gallente Federation,30005015
500004,Gallente Federation,30005016
500004,Gallente Federation,30005017
500004,Gallente Federation,30005018
500004,Gallente Federation,30005019
500004,Gallente Federation,30005020
500004,Gallente Federation,30005021
500004,Gallente Federation,30005022
500004,Gallente Federation,30005023
500004,Gallente Federation,30005024
500004,Gallente Federation,30005025
500004,Gallente Federation,30005026
500004,Gallente Federation,30005027
500004,Gallente Federation,30005028
500004,Triglavian Collective,30005029
500003,Amarr Empire,30005030
500003,Amarr Empire,30005031
500003,Amarr Empire,30005032
500003,Amarr Empire,30005033
500003,Amarr Empire,30005034
500003,Amarr Empire,30005035
500003,Amarr Empire,30005036
500003,Amarr Empire,30005037
500003,Amarr Empire,30005038
500003,Amarr Empire,30005039
500003,Amarr Empire,30005040
500003,Amarr Empire,30005041
500003,Amarr Empire,30005042
500003,Amarr Empire,30005043
500003,Amarr Empire,30005044
500003,Amarr Empire,30005045
500003,Amarr Empire,30005046
500003,Amarr Empire,30005047
500003,Amarr Empire,30005048
500003,Amarr Empire,30005049
500003,Amarr Empire,30005050
500003,Amarr Empire,30005051
500003,Amarr Empire,30005052
500003,Amarr Empire,30005053
500003,Amarr Empire,30005054
500003,Amarr Empire,30005055
500003,Amarr Empire,30005056
500003,Amarr Empire,30005057
500003,Amarr Empire,30005058
500003,Amarr Empire,30005059
500003,Amarr Empire,30005060
500003,Amarr Empire,30005061
500003,Amarr Empire,30005062
500003,Amarr Empire,30005063
500003,Amarr Empire,30005064
500003,Amarr Empire,30005065
500003,Amarr Empire,30005066
500003,Amarr Empire,30005067
500003,Amarr Empire,30005068
500003,Amarr Empire,30005069
500003,Amarr Empire,30005070
500003,Amarr Empire,30005071
500003,Amarr Empire,30005072
500003,Amarr Empire,30005073
500003,Amarr Empire,30005074
500003,Amarr Empire,30005075
500003,Amarr Empire,30005076
500003,Amarr Empire,30005077
500003,Amarr Empire,30005078
500003,Amarr Empire,30005079
500003,Amarr Empire,30005080
500003,Amarr Empire,30005081
500003,Amarr Empire,30005082
500003,Amarr Empire,30005083
500003,Amarr Empire,30005084
500003,Amarr Empire,30005085
500003,Amarr Empire,30005086
500003,Amarr Empire,30005087
500003,Amarr Empire,30005192
500003,Amarr Empire,30005193
500003,Amarr Empire,30005194
500003,Amarr Empire,30005195
500003,Amarr Empire,30005196
500003,Amarr Empire,30005197
500006,CONCORD Assembly,30005198
500006,CONCORD Assembly,30005199
500006,CONCORD Assembly,30005200
500006,CONCORD Assembly,30005201
500006,CONCORD Assembly,30005202
500013,The Interbus,30005203
500006,CONCORD Assembly,30005204
500006,CONCORD Assembly,30005205
500006,CONCORD Assembly,30005206
500003,Amarr Empire,30005207
500003,Amarr Empire,30005208
500003,Amarr Empire,30005209
500003,Amarr Empire,30005210
500003,Amarr Empire,30005211
500003,Amarr Empire,30005212
500003,Amarr Empire,30005213
500003,Amarr Empire,30005214
500003,Amarr Empire,30005215
500003,Amarr Empire,30005216
500003,Amarr Empire,30005217
500003,Amarr Empire,30005218
500003,Amarr Empire,30005219
500003,Amarr Empire,30005220
500003,Amarr Empire,30005221
500003,Amarr Empire,30005222
500003,Amarr Empire,30005223
500003,Amarr Empire,30005224
500003,Amarr Empire,30005225
500003,Amarr Empire,30005226
500003,Amarr Empire,30005227
500003,Amarr Empire,30005228
500003,Amarr Empire,30005229
500003,Amarr Empire,30005230
500003,Amarr Empire,30005231
500003,Amarr Empire,30005232
500003,Amarr Empire,30005233
500003,Amarr Empire,30005234
500003,Amarr Empire,30005235
500003,Amarr Empire,30005236
500003,Amarr Empire,30005237
500003,Amarr Empire,30005238
500003,Amarr Empire,30005239
500003,Amarr Empire,30005240
500003,Amarr Empire,30005241
500003,Amarr Empire,30005242
500003,Amarr Empire,30005243
500003,Amarr Empire,30005244
500003,Amarr Empire,30005245
500003,Amarr Empire,30005246
500003,Amarr Empire,30005247
500003,Amarr Empire,30005248
500003,Amarr Empire,30005249
500003,Amarr Empire,30005250
500003,Amarr Empire,30005251
500003,Amarr Empire,30005252
500003,Amarr Empire,30005253
500003,Amarr Empire,30005254
500003,Amarr Empire,30005255
500003,Amarr Empire,30005256
500003,Amarr Empire,30005257
500003,Amarr Empire,30005258
500003,Amarr Empire,30005259
500003,Amarr Empire,30005260
500003,Amarr Empire,30005261
500003,Amarr Empire,30005262
500003,Amarr Empire,30005263
500003,Amarr Empire,30005264
500003,Amarr Empire,30005265
500003,Amarr Empire,30005266
500003,Amarr Empire,30005267
500003,Amarr Empire,30005268
500003,Amarr Empire,30005269
500003,Amarr Empire,30005270
500003,Amarr Empire,30005271
500003,Amarr Empire,30005272
500003,Amarr Empire,30005273
500003,Amarr Empire,30005274
500003,Amarr Empire,30005275
500003,Amarr Empire,30005276
500003,Amarr Empire,30005277
500003,Amarr Empire,30005278
500003,Amarr Empire,30005279
500003,Amarr Empire,30005280
500003,Amarr Empire,30005281
500003,Amarr Empire,30005282
500003,Amarr Empire,30005283
500003,Amarr Empire,30005284
500003,Amarr Empire,30005285
500003,Amarr Empire,30005286
500003,Amarr Empire,30005287
500003,Amarr Empire,30005288
500003,Amarr Empire,30005289
500003,Amarr Empire,30005290
500003,Amarr Empire,30005291
500003,Amarr Empire,30005292
500003,Amarr Empire,30005293
500003,Amarr Empire,30005294
500004,Gallente Federation,30005295
500004,Gallente Federation,30005296
500004,Gallente Federation,30005297
500004,Gallente Federation,30005298
500004,Gallente Federation,30005299
500004,Gallente Federation,30005300
500004,Gallente Federation,30005301
500004,Gallente Federation,30005302
500004,Gallente Federation,30005303
500004,Gallente Federation,30005304
500004,Gallente Federation,30005305
500004,Gallente Federation,30005306
500004,Gallente Federation,30005307
500004,Gallente Federation,30005308
500004,Gallente Federation,30005309
500004,Gallente Federation,30005310
500004,Gallente Federation,30005311
500004,Gallente Federation,30005312
500004,Gallente Federation,30005313
500004,Gallente Federation,30005314
500004,Gallente Federation,30005315
500004,Gallente Federation,30005316
500004,Gallente Federation,30005317
500004,Gallente Federation,30005318
500004,Gallente Federation,30005319
500004,Gallente Federation,30005320
500004,Gallente Federation,30005321
500004,Gallente Federation,30005322
500004,Gallente Federation,30005323
500004,Gallente Federation,30005324
500004,Gallente Federation,30005325
500004,Gallente Federation,30005326
500004,Gallente Federation,30005327
500004,Gallente Federation,30005328
500004,Gallente Federation,30005329
500004,Gallente Federation,30005330
500004,Gallente Federation,30005331
500004,Gallente Federation,30005332
500004,Gallente Federation,30005333
500004,Gallente Federation,30005334
500001,Triglavian Collective,30010141
500001,Caldari State,30011392
500001,Caldari State,30011407
500003,Amarr Empire,30011672
500002,Minmatar Republic,30012505
500002,Minmatar Republic,30012547
500004,Gallente Federation,30012715
500002,Minmatar Republic,30013410
500003,Amarr Empire,30013489
500004,Gallente Federation,30014971
500003,Amarr Empire,30015042
500004,Gallente Federation,30015305
500001,Triglavian Collective,30020141
500001,Caldari State,30021392
500001,Caldari State,30021407
500003,Amarr Empire,30021672
500002,Minmatar Republic,30022505
500002,Minmatar Republic,30022547
500004,Gallente Federation,30022715
500002,Minmatar Republic,30023410
500003,Amarr Empire,30023489
500004,Gallente Federation,30024971
500003,Amarr Empire,30025042
500004,Gallente Federation,30025305
500001,Caldari State,30030141
500001,Triglavian Collective,30031392
500001,Caldari State,30031407
500003,Amarr Empire,30031672
500002,Minmatar Republic,30032505
500002,Minmatar Republic,30032547
500004,Gallente Federation,30032715
500002,Minmatar Republic,30033410
500003,Amarr Empire,30033489
500004,Gallente Federation,30034971
500003,Amarr Empire,30035042
500004,Gallente Federation,30035305
500001,Triglavian Collective,30040141
500001,Caldari State,30041392
500001,Caldari State,30041407
500003,Amarr Empire,30041672
500002,Minmatar Republic,30042505
500002,Minmatar Republic,30042547
500004,Gallente Federation,30042715
500002,Minmatar Republic,30043410
500003,Amarr Empire,30043489
500004,Gallente Federation,30044971
500003,Amarr Empire,30045042
500004,Gallente Federation,30045305
500001,Caldari State,30045306
500001,Caldari State,30045307
500001,Caldari State,30045308
500001,Caldari State,30045309
500001,Caldari State,30045310
500001,Caldari State,30045311
500001,Caldari State,30045312
500001,Caldari State,30045313
500001,Caldari State,30045314
500001,Caldari State,30045315
500001,Caldari State,30045316
500001,Caldari State,30045317
500001,Caldari State,30045318
500001,Caldari State,30045319
500001,Caldari State,30045320
500001,Caldari State,30045321
500001,Caldari State,30045322
500001,Caldari State,30045323
500001,Caldari State,30045324
500001,Caldari State,30045325
500001,Caldari State,30045326
500001,Caldari State,30045327
500001,Triglavian Collective,30045328
500001,Triglavian Collective,30045329
500001,Caldari State,30045330
500001,Caldari State,30045331
500001,Caldari State,30045332
500001,Caldari State,30045333
500001,Caldari State,30045334
500001,Caldari State,30045335
500001,Caldari State,30045336
500001,Caldari State,30045337
500001,Caldari State,30045338
500001,Caldari State,30045339
500001,Caldari State,30045340
500001,Caldari State,30045341
500001,Caldari State,30045342
500001,Caldari State,30045343
500001,Caldari State,30045344
500001,Caldari State,30045345
500001,Caldari State,30045346
500001,Caldari State,30045347
500001,Caldari State,30045348
500001,Caldari State,30045349
500001,Caldari State,30045350
500001,Caldari State,30045351
500001,Caldari State,30045352
500001,Caldari State,30045353
500001,Caldari State,30045354
